User,Weight,Height,BMI
ID_1,62,165,22.77318640955005
ID_2,67,177,21.38593635289987
ID_3,55,160,21.484374999999996
ID_4,72,180,22.22222222222222
